{"model":{"version":2,"nodes":[{"name":"RootNode","position":[0,0,0],"rotation":[0,0,0],"scale":[1,1,1],"scaleCompensation":false},{"name":"tv_scene_screen","position":[0,0,0],"rotation":[0,0,0],"scale":[0.01,0.01,0.01],"scaleCompensation":false},{"name":"Screen","position":[15,149.763,194.121],"rotation":[90,3.21865e-05,180],"scale":[79.7231,79.7231,79.7231],"scaleCompensation":false}],"parents":[-1,0,1],"skins":[],"morphs":[],"vertices":[{"position":{"type":"float32","components":3,"data":[0.482369,-1.02452,4.58921,-1.00276,-0.975921,5.46702,-1.00276,-1.11131,4.58921,0.428279,-0.890198,5.46702,1.85931,-0.608573,5.46702,1.96749,-0.740779,4.58921,0.509552,-1.10984,3.08953,2.02186,-0.827379,3.08953,-1.00276,-1.19655,3.08953,-2.48788,-1.02452,4.58921,-2.51507,-1.10984,3.08953,-2.48788,-1.02452,1.58985,-1.00276,-1.11131,1.58985,0.482369,-1.02452,1.58985,-1.00276,-0.975921,0.712043,-2.43379,-0.890199,0.712043,-3.86483,-0.608574,0.712043,-3.97301,-0.740779,1.58985,0.428279,-0.890199,0.712043,-4.02737,-0.827379,3.08953,-3.97301,-0.740779,4.58921,-3.86483,-0.608573,5.46702,-2.43379,-0.890198,5.46702,1.85931,-0.608573,0.712043,1.96749,-0.740779,1.58985]},"normal":{"type":"float32","components":3,"data":[0.121154,-0.986363,0.111403,-1.03885e-05,-0.988136,0.153581,-0.000281083,-0.994413,0.10556,0.121561,-0.979294,0.161881,0.184972,-0.968171,0.168611,0.184361,-0.975976,0.116116,0.120654,-0.992695,0,0.183598,-0.983001,0,-0.000552022,-1,0,-0.123884,-0.986472,0.107355,-0.123257,-0.992375,0,-0.123884,-0.986472,-0.107355,-0.000281075,-0.994413,-0.105559,0.121154,-0.986363,-0.111403,-1.03792e-05,-0.988136,-0.15358,-0.124416,-0.979824,-0.156415,-0.190609,-0.968548,-0.159948,-0.189213,-0.975788,-0.109705,0.121561,-0.979294,-0.161881,-0.187659,-0.982234,0,-0.189213,-0.975788,0.109706,-0.190609,-0.968548,0.159948,-0.124416,-0.979824,0.156416,0.184972,-0.968171,-0.168611,0.184361,-0.975976,-0.116116]},"color":{"type":"uint8","components":4,"data":[255,255,255,255,255,255,255,255,255,255,255,255,255,255,255,255,255,255,255,255,255,255,255,255,255,255,255,255,255,255,255,255,255,255,255,255,255,255,255,255,255,255,255,255,255,255,255,255,255,255,255,255,255,255,255,255,255,255,255,255,255,255,255,255,255,255,255,255,255,255,255,255,255,255,255,255,255,255,255,255,255,255,255,255,255,255,255,255,255,255,255,255,255,255,255,255,255,255,255,255]},"texCoord0":{"type":"float32","components":2,"data":[0.745551,0.813713,0.500034,0.999996,0.500065,0.813713,0.736579,0.999996,1,0.999996,1,0.813713,0.750064,0.5,1,0.5,0.500084,0.5,0.254539,0.813713,0.250065,0.5,0.254539,0.186287,0.500065,0.186287,0.745551,0.186287,0.500034,9.06744e-06,0.26345,9.09725e-06,0,9.15685e-06,0,0.186287,0.736579,8.97804e-06,0,0.5,0,0.813713,0,0.999996,0.26345,0.999996,1,8.97804e-06,1,0.186287]},"texCoord1":{"type":"float32","components":2,"data":[0.258046,0.640926,0.499654,0.785275,0.499738,0.640358,0.265106,0.785795,0.0260887,0.789027,0.0111178,0.643116,0.25454,0.397027,0.00390625,0.396899,0.499895,0.396878,0.741745,0.640823,0.74521,0.396704,0.741395,0.152532,0.499367,0.15344,0.257602,0.153117,0.499159,0.00822769,0.734157,0.00739207,0.973698,0.00390625,0.988846,0.150123,0.264444,0.00828869,0.996204,0.396899,0.988638,0.64324,0.973689,0.789242,0.734571,0.786052,0.0259587,0.00544576,0.011236,0.15107]}}],"meshes":[{"aabb":{"min":[-4.02737,-1.19655,0.712043],"max":[2.02186,-0.608573,5.46702]},"vertices":0,"indices":[0,1,2,0,3,1,4,3,0,4,0,5,5,0,6,6,0,2,5,6,7,6,2,8,9,8,2,9,10,8,8,10,11,8,11,12,6,8,12,6,12,13,13,7,6,11,14,12,13,12,14,11,15,14,11,16,15,11,17,16,17,11,10,13,14,18,19,10,9,17,10,19,19,9,20,21,20,9,21,9,22,22,9,2,22,2,1,23,13,18,23,24,13,13,24,7],"type":"triangles","base":0,"count":96}],"meshInstances":[{"node":2,"mesh":0}]}}